{
  "error": "all train predictions collapsed to a single class ({0})",
  "diagnostics": {
    "support_zero_count": 0,
    "support_clipped_count": 80,
    "contradiction_zero_count": 5,
    "distributions": {
      "S": {
        "count": 80,
        "mean": 0.049999999999999996,
        "std": 6.982672848635346e-18,
        "min": 0.05,
        "25%": 0.05,
        "50%": 0.05,
        "75%": 0.05,
        "max": 0.05
      },
      "C": {
        "count": 80,
        "mean": 2.137806398821553,
        "std": 1.5654591880788158,
        "min": 0.0,
        "25%": 0.7851063829787234,
        "50%": 1.1685766563944529,
        "75%": 3.8759522076587793,
        "max": 4.081814501521645
      },
      "ratio": {
        "count": 80,
        "mean": 42.75527287097363,
        "std": 31.308557590424506,
        "min": 0.0,
        "25%": 15.701813623302,
        "50%": 23.371065706574925,
        "75%": 77.51749380329952,
        "max": 81.63465733728616
      }
    },
    "false_positive_examples": []
  }
}