{
  "error": "all train predictions collapsed to a single class ({0})",
  "diagnostics": {
    "support_zero_count": 0,
    "support_clipped_count": 80,
    "contradiction_zero_count": 5,
    "distributions": {
      "S": {
        "count": 80,
        "mean": 0.049999999999999996,
        "std": 6.982672848635346e-18,
        "min": 0.05,
        "25%": 0.05,
        "50%": 0.05,
        "75%": 0.05,
        "max": 0.05
      },
      "C": {
        "count": 80,
        "mean": 5.33509199003201,
        "std": 3.8343050531002048,
        "min": 0.0,
        "25%": 1.6054583597847403,
        "50%": 3.397015384919661,
        "75%": 8.371373185180522,
        "max": 13.866211263128768
      },
      "ratio": {
        "count": 80,
        "mean": 106.69970580652407,
        "std": 76.68456737065668,
        "min": 0.0,
        "25%": 32.108525025194304,
        "50%": 67.93894891941483,
        "75%": 167.42411522130598,
        "max": 277.31867888899757
      }
    },
    "false_positive_examples": []
  }
}