row_id,story_id,claim_id,chunk_id,similarity,evaluation,confidence,start_pos,end_pos
122,The Count of Monte Cristo,e010001f6365,The Count of Monte Cristo_chunk_756,0.033707865168539325,CONTRADICTS,0.3837078651685393,2646000,2646614
122,The Count of Monte Cristo,e010001f6365,The Count of Monte Cristo_chunk_617,0.026737967914438502,NEUTRAL,0.0460427807486631,2159500,2163500
122,The Count of Monte Cristo,e010001f6365,The Count of Monte Cristo_chunk_618,0.026041666666666668,NEUTRAL,0.045625000000000006,2163000,2167000
122,The Count of Monte Cristo,e010001f6365,The Count of Monte Cristo_chunk_625,0.025936599423631124,NEUTRAL,0.045561959654178676,2187500,2191500
122,The Count of Monte Cristo,e010001f6365,The Count of Monte Cristo_chunk_659,0.024390243902439025,NEUTRAL,0.04463414634146342,2306500,2310500
