row_id,story_id,claim_id,chunk_id,similarity,evaluation,confidence,start_pos,end_pos
74,In Search of the Castaways,69d2ffd59d8e,The Count of Monte Cristo_chunk_756,0.045454545454545456,CONTRADICTS,0.39545454545454545,2646000,2646614
74,In Search of the Castaways,69d2ffd59d8e,In Search of the Castaways_chunk_129,0.024793388429752067,NEUTRAL,0.04487603305785124,451500,455500
74,In Search of the Castaways,69d2ffd59d8e,The Count of Monte Cristo_chunk_584,0.02452316076294278,NEUTRAL,0.04471389645776567,2044000,2048000
74,In Search of the Castaways,69d2ffd59d8e,The Count of Monte Cristo_chunk_219,0.023936170212765957,NEUTRAL,0.04436170212765958,766500,770500
74,In Search of the Castaways,69d2ffd59d8e,The Count of Monte Cristo_chunk_605,0.023936170212765957,NEUTRAL,0.04436170212765958,2117500,2121500
