row_id,story_id,claim_id,chunk_id,similarity,evaluation,confidence,start_pos,end_pos
71,,97aff44d2ba2,The Count of Monte Cristo_chunk_294,0.04145077720207254,CONTRADICTS,0.3914507772020725,1029000,1033000
71,,97aff44d2ba2,In Search of the Castaways_chunk_187,0.041237113402061855,CONTRADICTS,0.39123711340206185,654500,658500
71,,97aff44d2ba2,The Count of Monte Cristo_chunk_155,0.04030226700251889,CONTRADICTS,0.39030226700251885,542500,546500
71,,97aff44d2ba2,The Count of Monte Cristo_chunk_448,0.03970223325062035,CONTRADICTS,0.3897022332506203,1568000,1572000
71,,97aff44d2ba2,The Count of Monte Cristo_chunk_669,0.03807106598984772,CONTRADICTS,0.3880710659898477,2341500,2345500
