row_id,story_id,claim_id,chunk_id,similarity,evaluation,confidence,start_pos,end_pos
140,The Count of Monte Cristo,ddb5b9321922,The Count of Monte Cristo_chunk_756,0.04597701149425287,CONTRADICTS,0.39597701149425285,2646000,2646614
140,The Count of Monte Cristo,ddb5b9321922,In Search of the Castaways_chunk_12,0.0234375,NEUTRAL,0.0440625,42000,46000
140,The Count of Monte Cristo,ddb5b9321922,The Count of Monte Cristo_chunk_720,0.022900763358778626,NEUTRAL,0.04374045801526717,2520000,2524000
140,The Count of Monte Cristo,ddb5b9321922,The Count of Monte Cristo_chunk_717,0.022556390977443608,NEUTRAL,0.04353383458646617,2509500,2513500
140,The Count of Monte Cristo,ddb5b9321922,The Count of Monte Cristo_chunk_408,0.022222222222222223,NEUTRAL,0.043333333333333335,1428000,1432000
