row_id,story_id,claim_id,chunk_id,similarity,evaluation,confidence,start_pos,end_pos
99,,29cc81d408a1,The Count of Monte Cristo_chunk_756,0.043010752688172046,CONTRADICTS,0.39301075268817204,2646000,2646614
99,,29cc81d408a1,The Count of Monte Cristo_chunk_288,0.02857142857142857,NEUTRAL,0.04714285714285714,1008000,1012000
99,,29cc81d408a1,The Count of Monte Cristo_chunk_420,0.027548209366391185,NEUTRAL,0.04652892561983471,1470000,1474000
99,,29cc81d408a1,The Count of Monte Cristo_chunk_517,0.025839793281653745,NEUTRAL,0.04550387596899225,1809500,1813500
99,,29cc81d408a1,The Count of Monte Cristo_chunk_69,0.025510204081632654,NEUTRAL,0.045306122448979594,241500,245500
