row_id,story_id,claim_id,chunk_id,similarity,evaluation,confidence,start_pos,end_pos
61,,9c33f8a863c1,The Count of Monte Cristo_chunk_756,0.03296703296703297,CONTRADICTS,0.38296703296703294,2646000,2646614
61,,9c33f8a863c1,The Count of Monte Cristo_chunk_172,0.029649595687331536,NEUTRAL,0.04778975741239892,602000,606000
61,,9c33f8a863c1,In Search of the Castaways_chunk_10,0.029490616621983913,NEUTRAL,0.047694369973190355,35000,39000
61,,9c33f8a863c1,The Count of Monte Cristo_chunk_157,0.028871391076115485,NEUTRAL,0.04732283464566929,549500,553500
61,,9c33f8a863c1,The Count of Monte Cristo_chunk_689,0.027491408934707903,NEUTRAL,0.046494845360824745,2411500,2415500
