row_id,story_id,claim_id,chunk_id,similarity,evaluation,confidence,start_pos,end_pos
36,,2dbae68f9546,The Count of Monte Cristo_chunk_756,0.03333333333333333,CONTRADICTS,0.3833333333333333,2646000,2646614
36,,2dbae68f9546,The Count of Monte Cristo_chunk_712,0.026525198938992044,NEUTRAL,0.04591511936339522,2492000,2496000
36,,2dbae68f9546,The Count of Monte Cristo_chunk_447,0.02564102564102564,NEUTRAL,0.04538461538461539,1564500,1568500
36,,2dbae68f9546,The Count of Monte Cristo_chunk_549,0.025139664804469275,NEUTRAL,0.04508379888268157,1921500,1925500
36,,2dbae68f9546,The Count of Monte Cristo_chunk_495,0.02506265664160401,NEUTRAL,0.045037593984962404,1732500,1736500
