row_id,story_id,claim_id,chunk_id,similarity,evaluation,confidence,start_pos,end_pos
39,In Search of the Castaways,d2747d0f60ea,The Count of Monte Cristo_chunk_756,0.0425531914893617,CONTRADICTS,0.3925531914893617,2646000,2646614
39,In Search of the Castaways,d2747d0f60ea,In Search of the Castaways_chunk_162,0.026455026455026454,NEUTRAL,0.04587301587301587,567000,571000
39,In Search of the Castaways,d2747d0f60ea,In Search of the Castaways_chunk_150,0.026246719160104987,NEUTRAL,0.04574803149606299,525000,529000
39,In Search of the Castaways,d2747d0f60ea,In Search of the Castaways_chunk_164,0.026041666666666668,NEUTRAL,0.045625000000000006,574000,578000
39,In Search of the Castaways,d2747d0f60ea,In Search of the Castaways_chunk_217,0.02557544757033248,NEUTRAL,0.04534526854219949,759500,763500
