row_id,story_id,claim_id,chunk_id,similarity,evaluation,confidence,start_pos,end_pos
45,In Search of the Castaways,631781d51f42,The Count of Monte Cristo_chunk_756,0.05263157894736842,CONTRADICTS,0.4026315789473684,2646000,2646614
45,In Search of the Castaways,631781d51f42,The Count of Monte Cristo_chunk_105,0.02666666666666667,NEUTRAL,0.046000000000000006,367500,371500
45,In Search of the Castaways,631781d51f42,In Search of the Castaways_chunk_190,0.025252525252525252,NEUTRAL,0.04515151515151515,665000,669000
45,In Search of the Castaways,631781d51f42,In Search of the Castaways_chunk_197,0.02506265664160401,NEUTRAL,0.045037593984962404,689500,693500
45,In Search of the Castaways,631781d51f42,The Count of Monte Cristo_chunk_332,0.024875621890547265,NEUTRAL,0.04492537313432836,1162000,1166000
