row_id,story_id,claim_id,chunk_id,similarity,evaluation,confidence,start_pos,end_pos
106,The Count of Monte Cristo,6612f1101644,The Count of Monte Cristo_chunk_753,0.025179856115107913,NEUTRAL,0.04510791366906475,2635500,2639500
106,The Count of Monte Cristo,6612f1101644,The Count of Monte Cristo_chunk_472,0.023255813953488372,NEUTRAL,0.04395348837209302,1652000,1656000
106,The Count of Monte Cristo,6612f1101644,The Count of Monte Cristo_chunk_539,0.02197802197802198,NEUTRAL,0.04318681318681319,1886500,1890500
106,The Count of Monte Cristo,6612f1101644,In Search of the Castaways_chunk_183,0.02185792349726776,NEUTRAL,0.04311475409836065,640500,644500
106,The Count of Monte Cristo,6612f1101644,The Count of Monte Cristo_chunk_756,0.021739130434782608,NEUTRAL,0.043043478260869565,2646000,2646614
