row_id,story_id,claim_id,chunk_id,similarity,evaluation,confidence,start_pos,end_pos
116,The Count of Monte Cristo,5a2e5c2e3dc5,The Count of Monte Cristo_chunk_756,0.043010752688172046,CONTRADICTS,0.39301075268817204,2646000,2646614
116,The Count of Monte Cristo,5a2e5c2e3dc5,The Count of Monte Cristo_chunk_689,0.023728813559322035,NEUTRAL,0.044237288135593224,2411500,2415500
116,The Count of Monte Cristo,5a2e5c2e3dc5,The Count of Monte Cristo_chunk_337,0.023076923076923078,NEUTRAL,0.04384615384615385,1179500,1183500
116,The Count of Monte Cristo,5a2e5c2e3dc5,The Count of Monte Cristo_chunk_363,0.022727272727272728,NEUTRAL,0.04363636363636363,1270500,1274500
116,The Count of Monte Cristo,5a2e5c2e3dc5,The Count of Monte Cristo_chunk_625,0.0226628895184136,NEUTRAL,0.04359773371104816,2187500,2191500
