row_id,story_id,claim_id,chunk_id,similarity,evaluation,confidence,start_pos,end_pos
68,,18a1ebd0a211,The Count of Monte Cristo_chunk_756,0.061946902654867256,CONTRADICTS,0.4119469026548672,2646000,2646614
68,,18a1ebd0a211,The Count of Monte Cristo_chunk_251,0.045454545454545456,CONTRADICTS,0.39545454545454545,878500,882500
68,,18a1ebd0a211,In Search of the Castaways_chunk_55,0.04534005037783375,CONTRADICTS,0.3953400503778337,192500,196500
68,,18a1ebd0a211,The Count of Monte Cristo_chunk_523,0.045112781954887216,CONTRADICTS,0.3951127819548872,1830500,1834500
68,,18a1ebd0a211,The Count of Monte Cristo_chunk_706,0.045,CONTRADICTS,0.39499999999999996,2471000,2475000
