row_id,story_id,claim_id,chunk_id,similarity,evaluation,confidence,start_pos,end_pos
60,In Search of the Castaways,b3a039363155,In Search of the Castaways_chunk_203,0.025974025974025976,NEUTRAL,0.04558441558441558,710500,714500
60,In Search of the Castaways,b3a039363155,In Search of the Castaways_chunk_36,0.02313624678663239,NEUTRAL,0.04388174807197943,126000,130000
60,In Search of the Castaways,b3a039363155,In Search of the Castaways_chunk_75,0.023076923076923078,NEUTRAL,0.04384615384615385,262500,266500
60,In Search of the Castaways,b3a039363155,In Search of the Castaways_chunk_193,0.023017902813299233,NEUTRAL,0.043810741687979535,675500,679500
60,In Search of the Castaways,b3a039363155,In Search of the Castaways_chunk_145,0.022900763358778626,NEUTRAL,0.04374045801526717,507500,511500
