row_id,story_id,claim_id,chunk_id,similarity,evaluation,confidence,start_pos,end_pos
65,In Search of the Castaways,008d3d0e1c22,The Count of Monte Cristo_chunk_756,0.031578947368421054,CONTRADICTS,0.381578947368421,2646000,2646614
65,In Search of the Castaways,008d3d0e1c22,In Search of the Castaways_chunk_182,0.027247956403269755,NEUTRAL,0.04634877384196185,637000,641000
65,In Search of the Castaways,008d3d0e1c22,In Search of the Castaways_chunk_98,0.026595744680851064,NEUTRAL,0.04595744680851064,343000,347000
65,In Search of the Castaways,008d3d0e1c22,The Count of Monte Cristo_chunk_112,0.02631578947368421,NEUTRAL,0.045789473684210526,392000,396000
65,In Search of the Castaways,008d3d0e1c22,In Search of the Castaways_chunk_164,0.026041666666666668,NEUTRAL,0.045625000000000006,574000,578000
