row_id,story_id,claim_id,chunk_id,similarity,evaluation,confidence,start_pos,end_pos
15,In Search of the Castaways,6d007c8cc37c,The Count of Monte Cristo_chunk_756,0.05434782608695652,CONTRADICTS,0.4043478260869565,2646000,2646614
15,In Search of the Castaways,6d007c8cc37c,The Count of Monte Cristo_chunk_735,0.030226700251889168,CONTRADICTS,0.38022670025188915,2572500,2576500
15,In Search of the Castaways,6d007c8cc37c,The Count of Monte Cristo_chunk_625,0.02849002849002849,NEUTRAL,0.047094017094017095,2187500,2191500
15,In Search of the Castaways,6d007c8cc37c,In Search of the Castaways_chunk_128,0.028169014084507043,NEUTRAL,0.04690140845070423,448000,452000
15,In Search of the Castaways,6d007c8cc37c,In Search of the Castaways_chunk_21,0.02806122448979592,NEUTRAL,0.04683673469387755,73500,77500
