row_id,story_id,claim_id,chunk_id,similarity,evaluation,confidence,start_pos,end_pos
51,,e599391cb7e0,The Count of Monte Cristo_chunk_756,0.04395604395604396,CONTRADICTS,0.39395604395604394,2646000,2646614
51,,e599391cb7e0,The Count of Monte Cristo_chunk_2,0.02763819095477387,NEUTRAL,0.04658291457286432,7000,11000
51,,e599391cb7e0,In Search of the Castaways_chunk_17,0.024193548387096774,NEUTRAL,0.04451612903225806,59500,63500
51,,e599391cb7e0,The Count of Monte Cristo_chunk_157,0.0234375,NEUTRAL,0.0440625,549500,553500
51,,e599391cb7e0,The Count of Monte Cristo_chunk_3,0.02295918367346939,NEUTRAL,0.04377551020408163,10500,14500
