row_id,story_id,claim_id,chunk_id,similarity,evaluation,confidence,start_pos,end_pos
82,,d6d360cc341a,The Count of Monte Cristo_chunk_756,0.05309734513274336,CONTRADICTS,0.4030973451327433,2646000,2646614
82,,d6d360cc341a,The Count of Monte Cristo_chunk_209,0.041237113402061855,CONTRADICTS,0.39123711340206185,731500,735500
82,,d6d360cc341a,In Search of the Castaways_chunk_234,0.04116222760290557,CONTRADICTS,0.39116222760290553,819000,823000
82,,d6d360cc341a,The Count of Monte Cristo_chunk_300,0.04030226700251889,CONTRADICTS,0.39030226700251885,1050000,1054000
82,,d6d360cc341a,The Count of Monte Cristo_chunk_157,0.0399002493765586,CONTRADICTS,0.3899002493765586,549500,553500
