row_id,story_id,claim_id,chunk_id,similarity,evaluation,confidence,start_pos,end_pos
113,,5eb3a605b393,The Count of Monte Cristo_chunk_756,0.045454545454545456,CONTRADICTS,0.39545454545454545,2646000,2646614
113,,5eb3a605b393,The Count of Monte Cristo_chunk_707,0.020887728459530026,NEUTRAL,0.04253263707571802,2474500,2478500
113,,5eb3a605b393,The Count of Monte Cristo_chunk_584,0.018970189701897018,NEUTRAL,0.04138211382113822,2044000,2048000
113,,5eb3a605b393,The Count of Monte Cristo_chunk_172,0.01876675603217158,NEUTRAL,0.04126005361930295,602000,606000
113,,5eb3a605b393,In Search of the Castaways_chunk_8,0.018617021276595744,NEUTRAL,0.04117021276595745,28000,32000
