row_id,story_id,claim_id,chunk_id,similarity,evaluation,confidence,start_pos,end_pos
97,,701b36b57947,The Count of Monte Cristo_chunk_756,0.021505376344086023,NEUTRAL,0.04290322580645161,2646000,2646614
97,,701b36b57947,In Search of the Castaways_chunk_128,0.019662921348314606,NEUTRAL,0.041797752808988765,448000,452000
97,,701b36b57947,The Count of Monte Cristo_chunk_421,0.018970189701897018,NEUTRAL,0.04138211382113822,1473500,1477500
97,,701b36b57947,The Count of Monte Cristo_chunk_232,0.018134715025906734,NEUTRAL,0.04088082901554404,812000,816000
97,,701b36b57947,The Count of Monte Cristo_chunk_520,0.01808785529715762,NEUTRAL,0.04085271317829457,1820000,1824000
