row_id,story_id,claim_id,chunk_id,similarity,evaluation,confidence,start_pos,end_pos
87,,d13e4b0be883,The Count of Monte Cristo_chunk_756,0.04081632653061224,CONTRADICTS,0.3908163265306122,2646000,2646614
87,,d13e4b0be883,The Count of Monte Cristo_chunk_698,0.03291139240506329,CONTRADICTS,0.3829113924050633,2443000,2447000
87,,d13e4b0be883,The Count of Monte Cristo_chunk_6,0.03140096618357488,CONTRADICTS,0.3814009661835749,21000,25000
87,,d13e4b0be883,The Count of Monte Cristo_chunk_205,0.03125,CONTRADICTS,0.38125,717500,721500
87,,d13e4b0be883,The Count of Monte Cristo_chunk_592,0.03125,CONTRADICTS,0.38125,2072000,2076000
