row_id,story_id,claim_id,chunk_id,similarity,evaluation,confidence,start_pos,end_pos
47,,a35a845afe29,The Count of Monte Cristo_chunk_756,0.03296703296703297,CONTRADICTS,0.38296703296703294,2646000,2646614
47,,a35a845afe29,The Count of Monte Cristo_chunk_663,0.024793388429752067,NEUTRAL,0.04487603305785124,2320500,2324500
47,,a35a845afe29,The Count of Monte Cristo_chunk_613,0.021621621621621623,NEUTRAL,0.04297297297297297,2145500,2149500
47,,a35a845afe29,The Count of Monte Cristo_chunk_560,0.021164021164021163,NEUTRAL,0.0426984126984127,1960000,1964000
47,,a35a845afe29,The Count of Monte Cristo_chunk_669,0.021108179419525065,NEUTRAL,0.042664907651715045,2341500,2345500
