row_id,story_id,claim_id,chunk_id,similarity,evaluation,confidence,start_pos,end_pos
48,In Search of the Castaways,47bb4377f0ae,The Count of Monte Cristo_chunk_756,0.042105263157894736,CONTRADICTS,0.39210526315789473,2646000,2646614
48,In Search of the Castaways,47bb4377f0ae,In Search of the Castaways_chunk_135,0.02997275204359673,NEUTRAL,0.04798365122615804,472500,476500
48,In Search of the Castaways,47bb4377f0ae,The Count of Monte Cristo_chunk_143,0.028132992327365727,NEUTRAL,0.046879795396419434,500500,504500
48,In Search of the Castaways,47bb4377f0ae,The Count of Monte Cristo_chunk_698,0.027918781725888325,NEUTRAL,0.046751269035533,2443000,2447000
48,In Search of the Castaways,47bb4377f0ae,In Search of the Castaways_chunk_170,0.027777777777777776,NEUTRAL,0.04666666666666667,595000,599000
