row_id,story_id,claim_id,chunk_id,similarity,evaluation,confidence,start_pos,end_pos
134,,7179d1d739fa,The Count of Monte Cristo_chunk_756,0.04597701149425287,CONTRADICTS,0.39597701149425285,2646000,2646614
134,,7179d1d739fa,The Count of Monte Cristo_chunk_156,0.023872679045092837,NEUTRAL,0.044323607427055704,546000,550000
134,,7179d1d739fa,The Count of Monte Cristo_chunk_506,0.022988505747126436,NEUTRAL,0.04379310344827586,1771000,1775000
134,,7179d1d739fa,In Search of the Castaways_chunk_235,0.02203856749311295,NEUTRAL,0.04322314049586777,822500,826131
134,,7179d1d739fa,The Count of Monte Cristo_chunk_511,0.021798365122615803,NEUTRAL,0.04307901907356949,1788500,1792500
