row_id,story_id,claim_id,chunk_id,similarity,evaluation,confidence,start_pos,end_pos
115,,b9c95cce58fe,The Count of Monte Cristo_chunk_756,0.052083333333333336,CONTRADICTS,0.4020833333333333,2646000,2646614
115,,b9c95cce58fe,In Search of the Castaways_chunk_164,0.033854166666666664,CONTRADICTS,0.38385416666666666,574000,578000
115,,b9c95cce58fe,The Count of Monte Cristo_chunk_689,0.033783783783783786,CONTRADICTS,0.38378378378378375,2411500,2415500
115,,b9c95cce58fe,The Count of Monte Cristo_chunk_408,0.03278688524590164,CONTRADICTS,0.3827868852459016,1428000,1432000
115,,b9c95cce58fe,The Count of Monte Cristo_chunk_502,0.032171581769437,CONTRADICTS,0.382171581769437,1757000,1761000
