row_id,story_id,claim_id,chunk_id,similarity,evaluation,confidence,start_pos,end_pos
76,,c2f49d85ef8d,The Count of Monte Cristo_chunk_756,0.06060606060606061,CONTRADICTS,0.4106060606060606,2646000,2646614
76,,c2f49d85ef8d,In Search of the Castaways_chunk_118,0.03814713896457766,CONTRADICTS,0.38814713896457764,413000,417000
76,,c2f49d85ef8d,The Count of Monte Cristo_chunk_192,0.03713527851458886,CONTRADICTS,0.38713527851458884,672000,676000
76,,c2f49d85ef8d,The Count of Monte Cristo_chunk_659,0.03713527851458886,CONTRADICTS,0.38713527851458884,2306500,2310500
76,,c2f49d85ef8d,The Count of Monte Cristo_chunk_661,0.03674540682414698,CONTRADICTS,0.38674540682414693,2313500,2317500
