row_id,story_id,claim_id,chunk_id,similarity,evaluation,confidence,start_pos,end_pos
64,,ec2d365cdc63,The Count of Monte Cristo_chunk_756,0.054945054945054944,CONTRADICTS,0.40494505494505495,2646000,2646614
64,,ec2d365cdc63,In Search of the Castaways_chunk_177,0.025839793281653745,NEUTRAL,0.04550387596899225,619500,623500
64,,ec2d365cdc63,The Count of Monte Cristo_chunk_124,0.02570694087403599,NEUTRAL,0.0454241645244216,434000,438000
64,,ec2d365cdc63,In Search of the Castaways_chunk_28,0.025252525252525252,NEUTRAL,0.04515151515151515,98000,102000
64,,ec2d365cdc63,In Search of the Castaways_chunk_182,0.02459016393442623,NEUTRAL,0.04475409836065574,637000,641000
