row_id,story_id,claim_id,chunk_id,similarity,evaluation,confidence,start_pos,end_pos
37,,217a8b9c0d42,The Count of Monte Cristo_chunk_756,0.05357142857142857,CONTRADICTS,0.4035714285714285,2646000,2646614
37,,217a8b9c0d42,The Count of Monte Cristo_chunk_689,0.041935483870967745,CONTRADICTS,0.3919354838709677,2411500,2415500
37,,217a8b9c0d42,In Search of the Castaways_chunk_220,0.03978779840848806,CONTRADICTS,0.38978779840848804,770000,774000
37,,217a8b9c0d42,The Count of Monte Cristo_chunk_358,0.03855421686746988,CONTRADICTS,0.3885542168674699,1253000,1257000
37,,217a8b9c0d42,In Search of the Castaways_chunk_226,0.03764705882352941,CONTRADICTS,0.3876470588235294,791000,795000
