row_id,story_id,claim_id,chunk_id,similarity,evaluation,confidence,start_pos,end_pos
6,,e36b8940437f,The Count of Monte Cristo_chunk_756,0.050505050505050504,CONTRADICTS,0.4005050505050505,2646000,2646614
6,,e36b8940437f,The Count of Monte Cristo_chunk_164,0.03571428571428571,CONTRADICTS,0.3857142857142857,574000,578000
6,,e36b8940437f,The Count of Monte Cristo_chunk_734,0.033942558746736295,CONTRADICTS,0.3839425587467363,2569000,2573000
6,,e36b8940437f,The Count of Monte Cristo_chunk_246,0.0332409972299169,CONTRADICTS,0.3832409972299169,861000,865000
6,,e36b8940437f,The Count of Monte Cristo_chunk_122,0.03291139240506329,CONTRADICTS,0.3829113924050633,427000,431000
