row_id,story_id,claim_id,chunk_id,similarity,evaluation,confidence,start_pos,end_pos
52,,bf70b21c36cb,The Count of Monte Cristo_chunk_756,0.043010752688172046,CONTRADICTS,0.39301075268817204,2646000,2646614
52,,bf70b21c36cb,In Search of the Castaways_chunk_100,0.02881844380403458,NEUTRAL,0.047291066282420746,350000,354000
52,,bf70b21c36cb,The Count of Monte Cristo_chunk_201,0.02680965147453083,NEUTRAL,0.0460857908847185,703500,707500
52,,bf70b21c36cb,In Search of the Castaways_chunk_69,0.02666666666666667,NEUTRAL,0.046000000000000006,241500,245500
52,,bf70b21c36cb,In Search of the Castaways_chunk_123,0.02666666666666667,NEUTRAL,0.046000000000000006,430500,434500
