row_id,story_id,claim_id,chunk_id,similarity,evaluation,confidence,start_pos,end_pos
80,In Search of the Castaways,0e88602241a5,The Count of Monte Cristo_chunk_756,0.06306306306306306,CONTRADICTS,0.41306306306306306,2646000,2646614
80,In Search of the Castaways,0e88602241a5,The Count of Monte Cristo_chunk_306,0.04639175257731959,CONTRADICTS,0.39639175257731957,1071000,1075000
80,In Search of the Castaways,0e88602241a5,In Search of the Castaways_chunk_9,0.045454545454545456,CONTRADICTS,0.39545454545454545,31500,35500
80,In Search of the Castaways,0e88602241a5,The Count of Monte Cristo_chunk_250,0.04415584415584416,CONTRADICTS,0.39415584415584415,875000,879000
80,In Search of the Castaways,0e88602241a5,The Count of Monte Cristo_chunk_201,0.04392764857881137,CONTRADICTS,0.39392764857881135,703500,707500
