row_id,story_id,claim_id,chunk_id,similarity,evaluation,confidence,start_pos,end_pos
98,,5266fc5b8947,The Count of Monte Cristo_chunk_756,0.05102040816326531,CONTRADICTS,0.4010204081632653,2646000,2646614
98,,5266fc5b8947,The Count of Monte Cristo_chunk_625,0.03672316384180791,CONTRADICTS,0.3867231638418079,2187500,2191500
98,,5266fc5b8947,The Count of Monte Cristo_chunk_407,0.035623409669211195,CONTRADICTS,0.38562340966921116,1424500,1428500
98,,5266fc5b8947,The Count of Monte Cristo_chunk_494,0.03553299492385787,CONTRADICTS,0.38553299492385784,1729000,1733000
98,,5266fc5b8947,The Count of Monte Cristo_chunk_663,0.035326086956521736,CONTRADICTS,0.3853260869565217,2320500,2324500
