row_id,story_id,claim_id,chunk_id,similarity,evaluation,confidence,start_pos,end_pos
109,,b31964425316,The Count of Monte Cristo_chunk_756,0.03409090909090909,CONTRADICTS,0.38409090909090904,2646000,2646614
109,,b31964425316,The Count of Monte Cristo_chunk_419,0.021447721179624665,NEUTRAL,0.0428686327077748,1466500,1470500
109,,b31964425316,The Count of Monte Cristo_chunk_529,0.021220159151193633,NEUTRAL,0.04273209549071618,1851500,1855500
109,,b31964425316,The Count of Monte Cristo_chunk_408,0.019390581717451522,NEUTRAL,0.04163434903047091,1428000,1432000
109,,b31964425316,The Count of Monte Cristo_chunk_439,0.01907356948228883,NEUTRAL,0.0414441416893733,1536500,1540500
