row_id,story_id,claim_id,chunk_id,similarity,evaluation,confidence,start_pos,end_pos
35,,bf6ff0e3fd7f,The Count of Monte Cristo_chunk_756,0.061224489795918366,CONTRADICTS,0.41122448979591836,2646000,2646614
35,,bf6ff0e3fd7f,In Search of the Castaways_chunk_12,0.03307888040712468,CONTRADICTS,0.3830788804071247,42000,46000
35,,bf6ff0e3fd7f,In Search of the Castaways_chunk_217,0.03299492385786802,CONTRADICTS,0.382994923857868,759500,763500
35,,bf6ff0e3fd7f,In Search of the Castaways_chunk_190,0.0327455919395466,CONTRADICTS,0.3827455919395466,665000,669000
35,,bf6ff0e3fd7f,In Search of the Castaways_chunk_147,0.032663316582914576,CONTRADICTS,0.3826633165829145,514500,518500
