row_id,story_id,claim_id,chunk_id,similarity,evaluation,confidence,start_pos,end_pos
29,,08e395bb5efe,The Count of Monte Cristo_chunk_756,0.03333333333333333,CONTRADICTS,0.3833333333333333,2646000,2646614
29,,08e395bb5efe,The Count of Monte Cristo_chunk_102,0.029649595687331536,NEUTRAL,0.04778975741239892,357000,361000
29,,08e395bb5efe,The Count of Monte Cristo_chunk_607,0.02894736842105263,NEUTRAL,0.047368421052631574,2124500,2128500
29,,08e395bb5efe,The Count of Monte Cristo_chunk_136,0.027848101265822784,NEUTRAL,0.04670886075949367,476000,480000
29,,08e395bb5efe,The Count of Monte Cristo_chunk_173,0.0273972602739726,NEUTRAL,0.04643835616438356,605500,609500
