row_id,story_id,claim_id,chunk_id,similarity,evaluation,confidence,start_pos,end_pos
30,,b37c58a33b45,The Count of Monte Cristo_chunk_203,0.04050632911392405,CONTRADICTS,0.390506329113924,710500,714500
30,,b37c58a33b45,The Count of Monte Cristo_chunk_216,0.03970223325062035,CONTRADICTS,0.3897022332506203,756000,760000
30,,b37c58a33b45,The Count of Monte Cristo_chunk_91,0.03940886699507389,CONTRADICTS,0.3894088669950739,318500,322500
30,,b37c58a33b45,In Search of the Castaways_chunk_55,0.037783375314861464,CONTRADICTS,0.38778337531486146,192500,196500
30,,b37c58a33b45,The Count of Monte Cristo_chunk_175,0.0375,CONTRADICTS,0.38749999999999996,612500,616500
