row_id,story_id,claim_id,chunk_id,similarity,evaluation,confidence,start_pos,end_pos
21,,f681b338bfa1,The Count of Monte Cristo_chunk_756,0.0425531914893617,CONTRADICTS,0.3925531914893617,2646000,2646614
21,,f681b338bfa1,In Search of the Castaways_chunk_115,0.023872679045092837,NEUTRAL,0.044323607427055704,402500,406500
21,,f681b338bfa1,In Search of the Castaways_chunk_216,0.02356020942408377,NEUTRAL,0.04413612565445026,756000,760000
21,,f681b338bfa1,In Search of the Castaways_chunk_219,0.023316062176165803,NEUTRAL,0.043989637305699485,766500,770500
21,,f681b338bfa1,In Search of the Castaways_chunk_15,0.023076923076923078,NEUTRAL,0.04384615384615385,52500,56500
