row_id,story_id,claim_id,chunk_id,similarity,evaluation,confidence,start_pos,end_pos
25,,36919332a222,The Count of Monte Cristo_chunk_756,0.03260869565217391,CONTRADICTS,0.38260869565217387,2646000,2646614
25,,36919332a222,In Search of the Castaways_chunk_23,0.020942408376963352,NEUTRAL,0.04256544502617802,80500,84500
25,,36919332a222,The Count of Monte Cristo_chunk_689,0.02040816326530612,NEUTRAL,0.04224489795918367,2411500,2415500
25,,36919332a222,In Search of the Castaways_chunk_100,0.020114942528735632,NEUTRAL,0.04206896551724138,350000,354000
25,,36919332a222,In Search of the Castaways_chunk_94,0.02,NEUTRAL,0.042,329000,333000
