row_id,story_id,claim_id,chunk_id,similarity,evaluation,confidence,start_pos,end_pos
5,,c820eeb442b1,The Count of Monte Cristo_chunk_756,0.06382978723404255,CONTRADICTS,0.4138297872340425,2646000,2646614
5,,c820eeb442b1,The Count of Monte Cristo_chunk_75,0.03804347826086957,CONTRADICTS,0.38804347826086955,262500,266500
5,,c820eeb442b1,The Count of Monte Cristo_chunk_663,0.03561643835616438,CONTRADICTS,0.3856164383561644,2320500,2324500
5,,c820eeb442b1,The Count of Monte Cristo_chunk_173,0.03523035230352303,CONTRADICTS,0.385230352303523,605500,609500
5,,c820eeb442b1,The Count of Monte Cristo_chunk_223,0.03494623655913978,CONTRADICTS,0.38494623655913973,780500,784500
