row_id,story_id,claim_id,chunk_id,similarity,evaluation,confidence,start_pos,end_pos
22,,870c11ed092d,The Count of Monte Cristo_chunk_756,0.0392156862745098,CONTRADICTS,0.38921568627450975,2646000,2646614
22,,870c11ed092d,In Search of the Castaways_chunk_137,0.03217821782178218,CONTRADICTS,0.3821782178217822,479500,483500
22,,870c11ed092d,In Search of the Castaways_chunk_129,0.03208556149732621,CONTRADICTS,0.3820855614973262,451500,455500
22,,870c11ed092d,In Search of the Castaways_chunk_128,0.030303030303030304,CONTRADICTS,0.38030303030303025,448000,452000
22,,870c11ed092d,The Count of Monte Cristo_chunk_689,0.029801324503311258,NEUTRAL,0.04788079470198676,2411500,2415500
