row_id,story_id,claim_id,chunk_id,similarity,evaluation,confidence,start_pos,end_pos
11,,1df32670afe3,The Count of Monte Cristo_chunk_120,0.033419023136246784,CONTRADICTS,0.38341902313624676,420000,424000
11,,1df32670afe3,The Count of Monte Cristo_chunk_698,0.03333333333333333,CONTRADICTS,0.3833333333333333,2443000,2447000
11,,1df32670afe3,The Count of Monte Cristo_chunk_172,0.032171581769437,CONTRADICTS,0.382171581769437,602000,606000
11,,1df32670afe3,The Count of Monte Cristo_chunk_756,0.031914893617021274,CONTRADICTS,0.38191489361702124,2646000,2646614
11,,1df32670afe3,In Search of the Castaways_chunk_145,0.030848329048843187,CONTRADICTS,0.38084832904884314,507500,511500
