row_id,story_id,claim_id,chunk_id,similarity,evaluation,confidence,start_pos,end_pos
118,,32f74c08de2b,The Count of Monte Cristo_chunk_756,0.052083333333333336,CONTRADICTS,0.4020833333333333,2646000,2646614
118,,32f74c08de2b,The Count of Monte Cristo_chunk_156,0.03125,CONTRADICTS,0.38125,546000,550000
118,,32f74c08de2b,In Search of the Castaways_chunk_169,0.031073446327683617,CONTRADICTS,0.3810734463276836,591500,595500
118,,32f74c08de2b,In Search of the Castaways_chunk_70,0.03089887640449438,CONTRADICTS,0.3808988764044944,245000,249000
118,,32f74c08de2b,The Count of Monte Cristo_chunk_153,0.030379746835443037,CONTRADICTS,0.380379746835443,535500,539500
