row_id,story_id,claim_id,chunk_id,similarity,evaluation,confidence,start_pos,end_pos
33,In Search of the Castaways,80f3cd598f2d,The Count of Monte Cristo_chunk_756,0.033707865168539325,CONTRADICTS,0.3837078651685393,2646000,2646614
33,In Search of the Castaways,80f3cd598f2d,In Search of the Castaways_chunk_100,0.023255813953488372,NEUTRAL,0.04395348837209302,350000,354000
33,In Search of the Castaways,80f3cd598f2d,In Search of the Castaways_chunk_112,0.023017902813299233,NEUTRAL,0.043810741687979535,392000,396000
33,In Search of the Castaways,80f3cd598f2d,In Search of the Castaways_chunk_220,0.0223463687150838,NEUTRAL,0.043407821229050285,770000,774000
33,In Search of the Castaways,80f3cd598f2d,In Search of the Castaways_chunk_235,0.02197802197802198,NEUTRAL,0.04318681318681319,822500,826131
