row_id,story_id,claim_id,chunk_id,similarity,evaluation,confidence,start_pos,end_pos
95,The Count of Monte Cristo,22e206c1387c,The Count of Monte Cristo_chunk_756,0.0392156862745098,CONTRADICTS,0.38921568627450975,2646000,2646614
95,The Count of Monte Cristo,22e206c1387c,The Count of Monte Cristo_chunk_420,0.032432432432432434,CONTRADICTS,0.3824324324324324,1470000,1474000
95,The Count of Monte Cristo,22e206c1387c,The Count of Monte Cristo_chunk_615,0.032418952618453865,CONTRADICTS,0.3824189526184538,2152500,2156500
95,The Count of Monte Cristo,22e206c1387c,The Count of Monte Cristo_chunk_654,0.031862745098039214,CONTRADICTS,0.3818627450980392,2289000,2293000
95,The Count of Monte Cristo,22e206c1387c,The Count of Monte Cristo_chunk_439,0.03183023872679045,CONTRADICTS,0.38183023872679045,1536500,1540500
