row_id,story_id,claim_id,chunk_id,similarity,evaluation,confidence,start_pos,end_pos
27,,72ebef5320b4,The Count of Monte Cristo_chunk_756,0.07368421052631578,CONTRADICTS,0.4236842105263158,2646000,2646614
27,,72ebef5320b4,The Count of Monte Cristo_chunk_96,0.04040404040404041,CONTRADICTS,0.39040404040404036,336000,340000
27,,72ebef5320b4,The Count of Monte Cristo_chunk_649,0.04032258064516129,CONTRADICTS,0.3903225806451613,2271500,2275500
27,,72ebef5320b4,In Search of the Castaways_chunk_162,0.03978779840848806,CONTRADICTS,0.38978779840848804,567000,571000
27,,72ebef5320b4,The Count of Monte Cristo_chunk_171,0.03968253968253968,CONTRADICTS,0.38968253968253963,598500,602500
