row_id,story_id,claim_id,chunk_id,similarity,evaluation,confidence,start_pos,end_pos
126,,01c1e86772c1,The Count of Monte Cristo_chunk_756,0.0449438202247191,CONTRADICTS,0.3949438202247191,2646000,2646614
126,,01c1e86772c1,The Count of Monte Cristo_chunk_590,0.02452316076294278,NEUTRAL,0.04471389645776567,2065000,2069000
126,,01c1e86772c1,The Count of Monte Cristo_chunk_689,0.024054982817869417,NEUTRAL,0.044432989690721646,2411500,2415500
126,,01c1e86772c1,The Count of Monte Cristo_chunk_439,0.021739130434782608,NEUTRAL,0.043043478260869565,1536500,1540500
126,,01c1e86772c1,In Search of the Castaways_chunk_69,0.021447721179624665,NEUTRAL,0.0428686327077748,241500,245500
