row_id,story_id,claim_id,chunk_id,similarity,evaluation,confidence,start_pos,end_pos
112,,51edb22cb623,The Count of Monte Cristo_chunk_756,0.0425531914893617,CONTRADICTS,0.3925531914893617,2646000,2646614
112,,51edb22cb623,The Count of Monte Cristo_chunk_590,0.032520325203252036,CONTRADICTS,0.382520325203252,2065000,2069000
112,,51edb22cb623,The Count of Monte Cristo_chunk_562,0.032,CONTRADICTS,0.382,1967000,1971000
112,,51edb22cb623,The Count of Monte Cristo_chunk_637,0.031496062992125984,CONTRADICTS,0.38149606299212596,2229500,2233500
112,,51edb22cb623,The Count of Monte Cristo_chunk_470,0.030927835051546393,CONTRADICTS,0.38092783505154637,1645000,1649000
