row_id,story_id,claim_id,chunk_id,similarity,evaluation,confidence,start_pos,end_pos
129,The Count of Monte Cristo,e6c561e6536d,The Count of Monte Cristo_chunk_756,0.02197802197802198,NEUTRAL,0.04318681318681319,2646000,2646614
129,The Count of Monte Cristo,e6c561e6536d,The Count of Monte Cristo_chunk_112,0.021220159151193633,NEUTRAL,0.04273209549071618,392000,396000
129,The Count of Monte Cristo,e6c561e6536d,The Count of Monte Cristo_chunk_246,0.01971830985915493,NEUTRAL,0.04183098591549296,861000,865000
129,The Count of Monte Cristo,e6c561e6536d,The Count of Monte Cristo_chunk_420,0.019337016574585635,NEUTRAL,0.041602209944751375,1470000,1474000
129,The Count of Monte Cristo,e6c561e6536d,The Count of Monte Cristo_chunk_421,0.01907356948228883,NEUTRAL,0.0414441416893733,1473500,1477500
