row_id,story_id,claim_id,chunk_id,similarity,evaluation,confidence,start_pos,end_pos
79,In Search of the Castaways,86160a68b629,The Count of Monte Cristo_chunk_756,0.049019607843137254,CONTRADICTS,0.3990196078431372,2646000,2646614
79,In Search of the Castaways,86160a68b629,The Count of Monte Cristo_chunk_697,0.03655352480417755,CONTRADICTS,0.38655352480417754,2439500,2443500
79,In Search of the Castaways,86160a68b629,The Count of Monte Cristo_chunk_412,0.035422343324250684,CONTRADICTS,0.3854223433242507,1442000,1446000
79,In Search of the Castaways,86160a68b629,The Count of Monte Cristo_chunk_173,0.034574468085106384,CONTRADICTS,0.38457446808510637,605500,609500
79,In Search of the Castaways,86160a68b629,The Count of Monte Cristo_chunk_209,0.03430079155672823,CONTRADICTS,0.3843007915567282,731500,735500
