row_id,story_id,claim_id,chunk_id,similarity,evaluation,confidence,start_pos,end_pos
73,In Search of the Castaways,cb69b3104099,The Count of Monte Cristo_chunk_756,0.021505376344086023,NEUTRAL,0.04290322580645161,2646000,2646614
73,In Search of the Castaways,cb69b3104099,The Count of Monte Cristo_chunk_433,0.015748031496062992,NEUTRAL,0.039448818897637794,1515500,1519500
73,In Search of the Castaways,cb69b3104099,In Search of the Castaways_chunk_211,0.015544041450777202,NEUTRAL,0.03932642487046632,738500,742500
73,In Search of the Castaways,cb69b3104099,The Count of Monte Cristo_chunk_232,0.015503875968992248,NEUTRAL,0.03930232558139535,812000,816000
73,In Search of the Castaways,cb69b3104099,The Count of Monte Cristo_chunk_285,0.015503875968992248,NEUTRAL,0.03930232558139535,997500,1001500
