row_id,story_id,claim_id,chunk_id,similarity,evaluation,confidence,start_pos,end_pos
104,,c641aa908b58,The Count of Monte Cristo_chunk_756,0.0449438202247191,CONTRADICTS,0.3949438202247191,2646000,2646614
104,,c641aa908b58,The Count of Monte Cristo_chunk_689,0.031141868512110725,CONTRADICTS,0.3811418685121107,2411500,2415500
104,,c641aa908b58,The Count of Monte Cristo_chunk_688,0.02727272727272727,NEUTRAL,0.046363636363636364,2408000,2412000
104,,c641aa908b58,The Count of Monte Cristo_chunk_712,0.026525198938992044,NEUTRAL,0.04591511936339522,2492000,2496000
104,,c641aa908b58,The Count of Monte Cristo_chunk_707,0.02617801047120419,NEUTRAL,0.045706806282722515,2474500,2478500
