row_id,story_id,claim_id,chunk_id,similarity,evaluation,confidence,start_pos,end_pos
7,,6837b5e83850,The Count of Monte Cristo_chunk_756,0.04081632653061224,CONTRADICTS,0.3908163265306122,2646000,2646614
7,,6837b5e83850,In Search of the Castaways_chunk_135,0.026954177897574125,NEUTRAL,0.04617250673854447,472500,476500
7,,6837b5e83850,In Search of the Castaways_chunk_186,0.026455026455026454,NEUTRAL,0.04587301587301587,651000,655000
7,,6837b5e83850,The Count of Monte Cristo_chunk_661,0.02617801047120419,NEUTRAL,0.045706806282722515,2313500,2317500
7,,6837b5e83850,In Search of the Castaways_chunk_216,0.025974025974025976,NEUTRAL,0.04558441558441558,756000,760000
