row_id,story_id,claim_id,chunk_id,similarity,evaluation,confidence,start_pos,end_pos
86,,693706954be7,The Count of Monte Cristo_chunk_439,0.0456989247311828,CONTRADICTS,0.3956989247311828,1536500,1540500
86,,693706954be7,The Count of Monte Cristo_chunk_329,0.044444444444444446,CONTRADICTS,0.39444444444444443,1151500,1155500
86,,693706954be7,In Search of the Castaways_chunk_203,0.04404145077720207,CONTRADICTS,0.39404145077720204,710500,714500
86,,693706954be7,The Count of Monte Cristo_chunk_748,0.04392764857881137,CONTRADICTS,0.39392764857881135,2618000,2622000
86,,693706954be7,The Count of Monte Cristo_chunk_248,0.04381443298969072,CONTRADICTS,0.3938144329896907,868000,872000
