row_id,story_id,claim_id,chunk_id,similarity,evaluation,confidence,start_pos,end_pos
123,The Count of Monte Cristo,cc1b4b2a7ed8,The Count of Monte Cristo_chunk_756,0.03260869565217391,CONTRADICTS,0.38260869565217387,2646000,2646614
123,The Count of Monte Cristo,cc1b4b2a7ed8,The Count of Monte Cristo_chunk_697,0.02666666666666667,NEUTRAL,0.046000000000000006,2439500,2443500
123,The Count of Monte Cristo,cc1b4b2a7ed8,The Count of Monte Cristo_chunk_660,0.026525198938992044,NEUTRAL,0.04591511936339522,2310000,2314000
123,The Count of Monte Cristo,cc1b4b2a7ed8,The Count of Monte Cristo_chunk_251,0.026385224274406333,NEUTRAL,0.0458311345646438,878500,882500
123,The Count of Monte Cristo,cc1b4b2a7ed8,The Count of Monte Cristo_chunk_529,0.026385224274406333,NEUTRAL,0.0458311345646438,1851500,1855500
