row_id,story_id,claim_id,chunk_id,similarity,evaluation,confidence,start_pos,end_pos
125,The Count of Monte Cristo,86b6b52f3157,The Count of Monte Cristo_chunk_756,0.050505050505050504,CONTRADICTS,0.4005050505050505,2646000,2646614
125,The Count of Monte Cristo,86b6b52f3157,The Count of Monte Cristo_chunk_502,0.031914893617021274,CONTRADICTS,0.38191489361702124,1757000,1761000
125,The Count of Monte Cristo,86b6b52f3157,The Count of Monte Cristo_chunk_507,0.03116883116883117,CONTRADICTS,0.38116883116883116,1774500,1778500
125,The Count of Monte Cristo,86b6b52f3157,In Search of the Castaways_chunk_222,0.030848329048843187,CONTRADICTS,0.38084832904884314,777000,781000
125,The Count of Monte Cristo,86b6b52f3157,The Count of Monte Cristo_chunk_492,0.030690537084398978,CONTRADICTS,0.38069053708439893,1722000,1726000
