row_id,story_id,claim_id,chunk_id,similarity,evaluation,confidence,start_pos,end_pos
26,In Search of the Castaways,493ba8228837,The Count of Monte Cristo_chunk_689,0.04950495049504951,CONTRADICTS,0.39950495049504947,2411500,2415500
26,In Search of the Castaways,493ba8228837,The Count of Monte Cristo_chunk_409,0.04810126582278481,CONTRADICTS,0.39810126582278477,1431500,1435500
26,In Search of the Castaways,493ba8228837,The Count of Monte Cristo_chunk_708,0.04785894206549118,CONTRADICTS,0.39785894206549116,2478000,2482000
26,In Search of the Castaways,493ba8228837,The Count of Monte Cristo_chunk_126,0.047493403693931395,CONTRADICTS,0.3974934036939314,441000,445000
26,In Search of the Castaways,493ba8228837,The Count of Monte Cristo_chunk_669,0.04639175257731959,CONTRADICTS,0.39639175257731957,2341500,2345500
