row_id,story_id,claim_id,chunk_id,similarity,evaluation,confidence,start_pos,end_pos
110,,c5994388711f,The Count of Monte Cristo_chunk_756,0.03296703296703297,CONTRADICTS,0.38296703296703294,2646000,2646614
110,,c5994388711f,In Search of the Castaways_chunk_214,0.02617801047120419,NEUTRAL,0.045706806282722515,749000,753000
110,,c5994388711f,The Count of Monte Cristo_chunk_246,0.025423728813559324,NEUTRAL,0.045254237288135594,861000,865000
110,,c5994388711f,The Count of Monte Cristo_chunk_141,0.02452316076294278,NEUTRAL,0.04471389645776567,493500,497500
110,,c5994388711f,The Count of Monte Cristo_chunk_675,0.02444987775061125,NEUTRAL,0.04466992665036675,2362500,2366500
