row_id,story_id,claim_id,chunk_id,similarity,evaluation,confidence,start_pos,end_pos
85,In Search of the Castaways,1df304b6f3e9,The Count of Monte Cristo_chunk_756,0.03260869565217391,CONTRADICTS,0.38260869565217387,2646000,2646614
85,In Search of the Castaways,1df304b6f3e9,The Count of Monte Cristo_chunk_582,0.029411764705882353,NEUTRAL,0.04764705882352941,2037000,2041000
85,In Search of the Castaways,1df304b6f3e9,The Count of Monte Cristo_chunk_203,0.0291005291005291,NEUTRAL,0.04746031746031746,710500,714500
85,In Search of the Castaways,1df304b6f3e9,The Count of Monte Cristo_chunk_11,0.027932960893854747,NEUTRAL,0.04675977653631285,38500,42500
85,In Search of the Castaways,1df304b6f3e9,The Count of Monte Cristo_chunk_689,0.0273972602739726,NEUTRAL,0.04643835616438356,2411500,2415500
