row_id,story_id,claim_id,chunk_id,similarity,evaluation,confidence,start_pos,end_pos
90,The Count of Monte Cristo,2e125a5f08c9,The Count of Monte Cristo_chunk_756,0.05102040816326531,CONTRADICTS,0.4010204081632653,2646000,2646614
90,The Count of Monte Cristo,2e125a5f08c9,The Count of Monte Cristo_chunk_551,0.032418952618453865,CONTRADICTS,0.3824189526184538,1928500,1932500
90,The Count of Monte Cristo,2e125a5f08c9,The Count of Monte Cristo_chunk_157,0.030848329048843187,CONTRADICTS,0.38084832904884314,549500,553500
90,The Count of Monte Cristo,2e125a5f08c9,In Search of the Castaways_chunk_230,0.030226700251889168,CONTRADICTS,0.38022670025188915,805000,809000
90,The Count of Monte Cristo,2e125a5f08c9,The Count of Monte Cristo_chunk_502,0.02925531914893617,NEUTRAL,0.047553191489361706,1757000,1761000
