row_id,story_id,claim_id,chunk_id,similarity,evaluation,confidence,start_pos,end_pos
132,The Count of Monte Cristo,21c592e60777,The Count of Monte Cristo_chunk_756,0.06593406593406594,CONTRADICTS,0.4159340659340659,2646000,2646614
132,The Count of Monte Cristo,21c592e60777,In Search of the Castaways_chunk_119,0.02997275204359673,NEUTRAL,0.04798365122615804,416500,420500
132,The Count of Monte Cristo,21c592e60777,The Count of Monte Cristo_chunk_126,0.02972972972972973,NEUTRAL,0.04783783783783784,441000,445000
132,The Count of Monte Cristo,21c592e60777,The Count of Monte Cristo_chunk_72,0.0291005291005291,NEUTRAL,0.04746031746031746,252000,256000
132,The Count of Monte Cristo,21c592e60777,The Count of Monte Cristo_chunk_405,0.029023746701846966,NEUTRAL,0.047414248021108184,1417500,1421500
