row_id,story_id,claim_id,chunk_id,similarity,evaluation,confidence,start_pos,end_pos
4,,82a8632af697,The Count of Monte Cristo_chunk_756,0.03125,CONTRADICTS,0.38125,2646000,2646614
4,,82a8632af697,The Count of Monte Cristo_chunk_689,0.030508474576271188,CONTRADICTS,0.3805084745762712,2411500,2415500
4,,82a8632af697,In Search of the Castaways_chunk_35,0.028795811518324606,NEUTRAL,0.047277486910994766,122500,126500
4,,82a8632af697,The Count of Monte Cristo_chunk_631,0.02857142857142857,NEUTRAL,0.04714285714285714,2208500,2212500
4,,82a8632af697,The Count of Monte Cristo_chunk_667,0.02849740932642487,NEUTRAL,0.047098445595854924,2334500,2338500
