row_id,story_id,claim_id,chunk_id,similarity,evaluation,confidence,start_pos,end_pos
105,,acb919bb8100,The Count of Monte Cristo_chunk_756,0.04597701149425287,CONTRADICTS,0.39597701149425285,2646000,2646614
105,,acb919bb8100,The Count of Monte Cristo_chunk_747,0.020512820512820513,NEUTRAL,0.0423076923076923,2614500,2618500
105,,acb919bb8100,The Count of Monte Cristo_chunk_606,0.020356234096692113,NEUTRAL,0.04221374045801527,2121000,2125000
105,,acb919bb8100,The Count of Monte Cristo_chunk_755,0.019543973941368076,NEUTRAL,0.041726384364820845,2642500,2646500
105,,acb919bb8100,In Search of the Castaways_chunk_48,0.019230769230769232,NEUTRAL,0.04153846153846154,168000,172000
