row_id,story_id,claim_id,chunk_id,similarity,evaluation,confidence,start_pos,end_pos
135,The Count of Monte Cristo,04a27dfdc8be,The Count of Monte Cristo_chunk_756,0.030927835051546393,CONTRADICTS,0.38092783505154637,2646000,2646614
135,The Count of Monte Cristo,04a27dfdc8be,The Count of Monte Cristo_chunk_247,0.025974025974025976,NEUTRAL,0.04558441558441558,864500,868500
135,The Count of Monte Cristo,04a27dfdc8be,The Count of Monte Cristo_chunk_79,0.025380710659898477,NEUTRAL,0.04522842639593909,276500,280500
135,The Count of Monte Cristo,04a27dfdc8be,The Count of Monte Cristo_chunk_206,0.025252525252525252,NEUTRAL,0.04515151515151515,721000,725000
135,The Count of Monte Cristo,04a27dfdc8be,The Count of Monte Cristo_chunk_644,0.02457002457002457,NEUTRAL,0.04474201474201474,2254000,2258000
