row_id,story_id,claim_id,chunk_id,similarity,evaluation,confidence,start_pos,end_pos
108,The Count of Monte Cristo,9c69f8d17635,The Count of Monte Cristo_chunk_410,0.03361344537815126,CONTRADICTS,0.38361344537815123,1435000,1439000
108,The Count of Monte Cristo,9c69f8d17635,The Count of Monte Cristo_chunk_408,0.03278688524590164,CONTRADICTS,0.3827868852459016,1428000,1432000
108,The Count of Monte Cristo,9c69f8d17635,The Count of Monte Cristo_chunk_700,0.031578947368421054,CONTRADICTS,0.381578947368421,2450000,2454000
108,The Count of Monte Cristo,9c69f8d17635,The Count of Monte Cristo_chunk_39,0.030612244897959183,CONTRADICTS,0.38061224489795914,136500,140500
108,The Count of Monte Cristo,9c69f8d17635,The Count of Monte Cristo_chunk_756,0.030612244897959183,CONTRADICTS,0.38061224489795914,2646000,2646614
