row_id,story_id,claim_id,chunk_id,similarity,evaluation,confidence,start_pos,end_pos
100,The Count of Monte Cristo,e0d87653f67a,The Count of Monte Cristo_chunk_756,0.034482758620689655,CONTRADICTS,0.38448275862068965,2646000,2646614
100,The Count of Monte Cristo,e0d87653f67a,The Count of Monte Cristo_chunk_76,0.0215633423180593,NEUTRAL,0.04293800539083558,266000,270000
100,The Count of Monte Cristo,e0d87653f67a,The Count of Monte Cristo_chunk_582,0.021505376344086023,NEUTRAL,0.04290322580645161,2037000,2041000
100,The Count of Monte Cristo,e0d87653f67a,The Count of Monte Cristo_chunk_302,0.02072538860103627,NEUTRAL,0.04243523316062176,1057000,1061000
100,The Count of Monte Cristo,e0d87653f67a,The Count of Monte Cristo_chunk_723,0.020460358056265986,NEUTRAL,0.042276214833759596,2530500,2534500
