row_id,story_id,claim_id,chunk_id,similarity,evaluation,confidence,start_pos,end_pos
2,In Search of the Castaways,9852f3c6909a,The Count of Monte Cristo_chunk_756,0.058823529411764705,CONTRADICTS,0.4088235294117647,2646000,2646614
2,In Search of the Castaways,9852f3c6909a,The Count of Monte Cristo_chunk_601,0.03940886699507389,CONTRADICTS,0.3894088669950739,2103500,2107500
2,In Search of the Castaways,9852f3c6909a,The Count of Monte Cristo_chunk_246,0.03856749311294766,CONTRADICTS,0.38856749311294764,861000,865000
2,In Search of the Castaways,9852f3c6909a,The Count of Monte Cristo_chunk_175,0.03836317135549872,CONTRADICTS,0.3883631713554987,612500,616500
2,In Search of the Castaways,9852f3c6909a,The Count of Monte Cristo_chunk_143,0.03787878787878788,CONTRADICTS,0.3878787878787879,500500,504500
