row_id,story_id,claim_id,chunk_id,similarity,evaluation,confidence,start_pos,end_pos
12,,fc61e1411bd4,The Count of Monte Cristo_chunk_756,0.05102040816326531,CONTRADICTS,0.4010204081632653,2646000,2646614
12,,fc61e1411bd4,The Count of Monte Cristo_chunk_408,0.04395604395604396,CONTRADICTS,0.39395604395604394,1428000,1432000
12,,fc61e1411bd4,The Count of Monte Cristo_chunk_523,0.03896103896103896,CONTRADICTS,0.38896103896103895,1830500,1834500
12,,fc61e1411bd4,The Count of Monte Cristo_chunk_173,0.03773584905660377,CONTRADICTS,0.38773584905660374,605500,609500
12,,fc61e1411bd4,In Search of the Castaways_chunk_17,0.037333333333333336,CONTRADICTS,0.3873333333333333,59500,63500
