row_id,story_id,claim_id,chunk_id,similarity,evaluation,confidence,start_pos,end_pos
124,,b4c88cd501e1,The Count of Monte Cristo_chunk_689,0.024305555555555556,NEUTRAL,0.04458333333333333,2411500,2415500
124,,b4c88cd501e1,The Count of Monte Cristo_chunk_8,0.023376623376623377,NEUTRAL,0.044025974025974024,28000,32000
124,,b4c88cd501e1,The Count of Monte Cristo_chunk_7,0.02278481012658228,NEUTRAL,0.043670886075949364,24500,28500
124,,b4c88cd501e1,The Count of Monte Cristo_chunk_756,0.022727272727272728,NEUTRAL,0.04363636363636363,2646000,2646614
124,,b4c88cd501e1,The Count of Monte Cristo_chunk_173,0.02197802197802198,NEUTRAL,0.04318681318681319,605500,609500
