row_id,story_id,claim_id,chunk_id,similarity,evaluation,confidence,start_pos,end_pos
120,,5dcf3e60757b,The Count of Monte Cristo_chunk_756,0.052083333333333336,CONTRADICTS,0.4020833333333333,2646000,2646614
120,,5dcf3e60757b,The Count of Monte Cristo_chunk_755,0.03858520900321544,CONTRADICTS,0.3885852090032154,2642500,2646500
120,,5dcf3e60757b,The Count of Monte Cristo_chunk_754,0.037800687285223365,CONTRADICTS,0.3878006872852233,2639000,2643000
120,,5dcf3e60757b,The Count of Monte Cristo_chunk_689,0.03728813559322034,CONTRADICTS,0.38728813559322034,2411500,2415500
120,,5dcf3e60757b,The Count of Monte Cristo_chunk_43,0.03664921465968586,CONTRADICTS,0.3866492146596858,150500,154500
