row_id,story_id,claim_id,chunk_id,similarity,evaluation,confidence,start_pos,end_pos
83,In Search of the Castaways,e2690300fe20,The Count of Monte Cristo_chunk_756,0.058823529411764705,CONTRADICTS,0.4088235294117647,2646000,2646614
83,In Search of the Castaways,e2690300fe20,The Count of Monte Cristo_chunk_203,0.03608247422680412,CONTRADICTS,0.3860824742268041,710500,714500
83,In Search of the Castaways,e2690300fe20,In Search of the Castaways_chunk_78,0.035897435897435895,CONTRADICTS,0.38589743589743586,273000,277000
83,In Search of the Castaways,e2690300fe20,In Search of the Castaways_chunk_145,0.035175879396984924,CONTRADICTS,0.3851758793969849,507500,511500
83,In Search of the Castaways,e2690300fe20,In Search of the Castaways_chunk_146,0.034482758620689655,CONTRADICTS,0.38448275862068965,511000,515000
