row_id,story_id,claim_id,chunk_id,similarity,evaluation,confidence,start_pos,end_pos
101,,a4ca957023c7,The Count of Monte Cristo_chunk_756,0.056818181818181816,CONTRADICTS,0.4068181818181818,2646000,2646614
101,,a4ca957023c7,The Count of Monte Cristo_chunk_753,0.02527075812274368,NEUTRAL,0.04516245487364621,2635500,2639500
101,,a4ca957023c7,The Count of Monte Cristo_chunk_689,0.024054982817869417,NEUTRAL,0.044432989690721646,2411500,2415500
101,,a4ca957023c7,The Count of Monte Cristo_chunk_72,0.023936170212765957,NEUTRAL,0.04436170212765958,252000,256000
101,,a4ca957023c7,The Count of Monte Cristo_chunk_751,0.02390438247011952,NEUTRAL,0.04434262948207171,2628500,2632500
