row_id,story_id,claim_id,chunk_id,similarity,evaluation,confidence,start_pos,end_pos
114,The Count of Monte Cristo,c6baa723a934,The Count of Monte Cristo_chunk_756,0.05555555555555555,CONTRADICTS,0.40555555555555556,2646000,2646614
114,The Count of Monte Cristo,c6baa723a934,The Count of Monte Cristo_chunk_753,0.025089605734767026,NEUTRAL,0.04505376344086021,2635500,2639500
114,The Count of Monte Cristo,c6baa723a934,The Count of Monte Cristo_chunk_502,0.024324324324324326,NEUTRAL,0.0445945945945946,1757000,1761000
114,The Count of Monte Cristo,c6baa723a934,The Count of Monte Cristo_chunk_751,0.023715415019762844,NEUTRAL,0.04422924901185771,2628500,2632500
114,The Count of Monte Cristo,c6baa723a934,In Search of the Castaways_chunk_70,0.0226628895184136,NEUTRAL,0.04359773371104816,245000,249000
