row_id,story_id,claim_id,chunk_id,similarity,evaluation,confidence,start_pos,end_pos
31,In Search of the Castaways,3fc207917ec9,The Count of Monte Cristo_chunk_756,0.03260869565217391,CONTRADICTS,0.38260869565217387,2646000,2646614
31,In Search of the Castaways,3fc207917ec9,The Count of Monte Cristo_chunk_286,0.017902813299232736,NEUTRAL,0.04074168797953964,1001000,1005000
31,In Search of the Castaways,3fc207917ec9,The Count of Monte Cristo_chunk_689,0.01694915254237288,NEUTRAL,0.04016949152542373,2411500,2415500
31,In Search of the Castaways,3fc207917ec9,The Count of Monte Cristo_chunk_246,0.01675977653631285,NEUTRAL,0.040055865921787705,861000,865000
31,In Search of the Castaways,3fc207917ec9,In Search of the Castaways_chunk_182,0.016304347826086956,NEUTRAL,0.03978260869565218,637000,641000
