row_id,story_id,claim_id,chunk_id,similarity,evaluation,confidence,start_pos,end_pos
84,In Search of the Castaways,65c963ca3980,The Count of Monte Cristo_chunk_756,0.10416666666666667,CONTRADICTS,0.45416666666666666,2646000,2646614
84,In Search of the Castaways,65c963ca3980,In Search of the Castaways_chunk_182,0.04904632152588556,CONTRADICTS,0.39904632152588554,637000,641000
84,In Search of the Castaways,65c963ca3980,In Search of the Castaways_chunk_126,0.04891304347826087,CONTRADICTS,0.39891304347826084,441000,445000
84,In Search of the Castaways,65c963ca3980,The Count of Monte Cristo_chunk_688,0.04451038575667656,CONTRADICTS,0.3945103857566765,2408000,2412000
84,In Search of the Castaways,65c963ca3980,In Search of the Castaways_chunk_55,0.044270833333333336,CONTRADICTS,0.3942708333333333,192500,196500
