row_id,story_id,claim_id,chunk_id,similarity,evaluation,confidence,start_pos,end_pos
111,The Count of Monte Cristo,ba4e805b5f71,The Count of Monte Cristo_chunk_664,0.018229166666666668,NEUTRAL,0.0409375,2324000,2328000
111,The Count of Monte Cristo,ba4e805b5f71,The Count of Monte Cristo_chunk_72,0.015915119363395226,NEUTRAL,0.039549071618037134,252000,256000
111,The Count of Monte Cristo,ba4e805b5f71,In Search of the Castaways_chunk_213,0.015384615384615385,NEUTRAL,0.03923076923076923,745500,749500
111,The Count of Monte Cristo,ba4e805b5f71,The Count of Monte Cristo_chunk_386,0.01507537688442211,NEUTRAL,0.03904522613065326,1351000,1355000
111,The Count of Monte Cristo,ba4e805b5f71,In Search of the Castaways_chunk_198,0.014778325123152709,NEUTRAL,0.03886699507389162,693000,697000
