row_id,story_id,claim_id,chunk_id,similarity,evaluation,confidence,start_pos,end_pos
136,,79399dd43553,The Count of Monte Cristo_chunk_756,0.031914893617021274,CONTRADICTS,0.38191489361702124,2646000,2646614
136,,79399dd43553,The Count of Monte Cristo_chunk_89,0.02702702702702703,NEUTRAL,0.046216216216216216,311500,315500
136,,79399dd43553,The Count of Monte Cristo_chunk_50,0.026385224274406333,NEUTRAL,0.0458311345646438,175000,179000
136,,79399dd43553,The Count of Monte Cristo_chunk_132,0.025974025974025976,NEUTRAL,0.04558441558441558,462000,466000
136,,79399dd43553,The Count of Monte Cristo_chunk_139,0.025974025974025976,NEUTRAL,0.04558441558441558,486500,490500
