row_id,story_id,claim_id,chunk_id,similarity,evaluation,confidence,start_pos,end_pos
103,,b0c32e109f94,The Count of Monte Cristo_chunk_756,0.045454545454545456,CONTRADICTS,0.39545454545454545,2646000,2646614
103,,b0c32e109f94,The Count of Monte Cristo_chunk_162,0.019178082191780823,NEUTRAL,0.0415068493150685,567000,571000
103,,b0c32e109f94,The Count of Monte Cristo_chunk_419,0.018666666666666668,NEUTRAL,0.0412,1466500,1470500
103,,b0c32e109f94,In Search of the Castaways_chunk_107,0.018518518518518517,NEUTRAL,0.04111111111111111,374500,378500
103,,b0c32e109f94,The Count of Monte Cristo_chunk_219,0.018518518518518517,NEUTRAL,0.04111111111111111,766500,770500
