row_id,story_id,claim_id,chunk_id,similarity,evaluation,confidence,start_pos,end_pos
128,The Count of Monte Cristo,505ab7bc2797,The Count of Monte Cristo_chunk_756,0.044444444444444446,CONTRADICTS,0.39444444444444443,2646000,2646614
128,The Count of Monte Cristo,505ab7bc2797,In Search of the Castaways_chunk_48,0.024657534246575342,NEUTRAL,0.0447945205479452,168000,172000
128,The Count of Monte Cristo,505ab7bc2797,The Count of Monte Cristo_chunk_56,0.02452316076294278,NEUTRAL,0.04471389645776567,196000,200000
128,The Count of Monte Cristo,505ab7bc2797,In Search of the Castaways_chunk_16,0.024324324324324326,NEUTRAL,0.0445945945945946,56000,60000
128,The Count of Monte Cristo,505ab7bc2797,The Count of Monte Cristo_chunk_206,0.023017902813299233,NEUTRAL,0.043810741687979535,721000,725000
