row_id,story_id,claim_id,chunk_id,similarity,evaluation,confidence,start_pos,end_pos
42,In Search of the Castaways,5e48b131e38b,The Count of Monte Cristo_chunk_756,0.031914893617021274,CONTRADICTS,0.38191489361702124,2646000,2646614
42,In Search of the Castaways,5e48b131e38b,The Count of Monte Cristo_chunk_37,0.025839793281653745,NEUTRAL,0.04550387596899225,129500,133500
42,In Search of the Castaways,5e48b131e38b,The Count of Monte Cristo_chunk_36,0.02512562814070352,NEUTRAL,0.04507537688442211,126000,130000
42,In Search of the Castaways,5e48b131e38b,In Search of the Castaways_chunk_127,0.02425876010781671,NEUTRAL,0.044555256064690026,444500,448500
42,In Search of the Castaways,5e48b131e38b,The Count of Monte Cristo_chunk_42,0.024193548387096774,NEUTRAL,0.04451612903225806,147000,151000
