row_id,story_id,claim_id,chunk_id,similarity,evaluation,confidence,start_pos,end_pos
17,,47e583c7fba8,The Count of Monte Cristo_chunk_756,0.05263157894736842,CONTRADICTS,0.4026315789473684,2646000,2646614
17,,47e583c7fba8,The Count of Monte Cristo_chunk_584,0.03783783783783784,CONTRADICTS,0.3878378378378378,2044000,2048000
17,,47e583c7fba8,The Count of Monte Cristo_chunk_351,0.034031413612565446,CONTRADICTS,0.38403141361256543,1228500,1232500
17,,47e583c7fba8,The Count of Monte Cristo_chunk_11,0.0332409972299169,CONTRADICTS,0.3832409972299169,38500,42500
17,,47e583c7fba8,The Count of Monte Cristo_chunk_176,0.03291139240506329,CONTRADICTS,0.3829113924050633,616000,620000
