row_id,story_id,claim_id,chunk_id,similarity,evaluation,confidence,start_pos,end_pos
70,,3ead0eeea7dc,The Count of Monte Cristo_chunk_756,0.08849557522123894,CONTRADICTS,0.43849557522123894,2646000,2646614
70,,3ead0eeea7dc,The Count of Monte Cristo_chunk_752,0.04964539007092199,CONTRADICTS,0.399645390070922,2632000,2636000
70,,3ead0eeea7dc,The Count of Monte Cristo_chunk_751,0.04744525547445255,CONTRADICTS,0.39744525547445253,2628500,2632500
70,,3ead0eeea7dc,In Search of the Castaways_chunk_168,0.04668304668304668,CONTRADICTS,0.39668304668304666,588000,592000
70,,3ead0eeea7dc,The Count of Monte Cristo_chunk_141,0.046511627906976744,CONTRADICTS,0.3965116279069767,493500,497500
