row_id,story_id,claim_id,chunk_id,similarity,evaluation,confidence,start_pos,end_pos
62,In Search of the Castaways,589705063c76,The Count of Monte Cristo_chunk_462,0.02544529262086514,NEUTRAL,0.04526717557251908,1617000,1621000
62,In Search of the Castaways,589705063c76,The Count of Monte Cristo_chunk_75,0.024456521739130436,NEUTRAL,0.04467391304347826,262500,266500
62,In Search of the Castaways,589705063c76,The Count of Monte Cristo_chunk_697,0.023936170212765957,NEUTRAL,0.04436170212765958,2439500,2443500
62,In Search of the Castaways,589705063c76,The Count of Monte Cristo_chunk_650,0.023746701846965697,NEUTRAL,0.04424802110817942,2275000,2279000
62,In Search of the Castaways,589705063c76,The Count of Monte Cristo_chunk_205,0.02368421052631579,NEUTRAL,0.04421052631578948,717500,721500
