row_id,story_id,claim_id,chunk_id,similarity,evaluation,confidence,start_pos,end_pos
32,,7b216c0cc041,In Search of the Castaways_chunk_209,0.032432432432432434,CONTRADICTS,0.3824324324324324,731500,735500
32,,7b216c0cc041,The Count of Monte Cristo_chunk_407,0.030534351145038167,CONTRADICTS,0.38053435114503814,1424500,1428500
32,,7b216c0cc041,The Count of Monte Cristo_chunk_119,0.029556650246305417,NEUTRAL,0.047733990147783255,416500,420500
32,,7b216c0cc041,The Count of Monte Cristo_chunk_214,0.029484029484029485,NEUTRAL,0.047690417690417694,749000,753000
32,,7b216c0cc041,The Count of Monte Cristo_chunk_77,0.02925531914893617,NEUTRAL,0.047553191489361706,269500,273500
