row_id,story_id,claim_id,chunk_id,similarity,evaluation,confidence,start_pos,end_pos
133,,5053bf1f008a,The Count of Monte Cristo_chunk_90,0.026041666666666668,NEUTRAL,0.045625000000000006,315000,319000
133,,5053bf1f008a,The Count of Monte Cristo_chunk_420,0.025069637883008356,NEUTRAL,0.04504178272980501,1470000,1474000
133,,5053bf1f008a,The Count of Monte Cristo_chunk_70,0.024725274725274724,NEUTRAL,0.04483516483516483,245000,249000
133,,5053bf1f008a,The Count of Monte Cristo_chunk_63,0.024128686327077747,NEUTRAL,0.04447721179624665,220500,224500
133,,5053bf1f008a,The Count of Monte Cristo_chunk_561,0.024,NEUTRAL,0.0444,1963500,1967500
