row_id,story_id,claim_id,chunk_id,similarity,evaluation,confidence,start_pos,end_pos
117,,b683b448f2ae,The Count of Monte Cristo_chunk_756,0.03333333333333333,CONTRADICTS,0.3833333333333333,2646000,2646614
117,,b683b448f2ae,The Count of Monte Cristo_chunk_511,0.01891891891891892,NEUTRAL,0.04135135135135135,1788500,1792500
117,,b683b448f2ae,The Count of Monte Cristo_chunk_562,0.018666666666666668,NEUTRAL,0.0412,1967000,1971000
117,,b683b448f2ae,The Count of Monte Cristo_chunk_328,0.01837270341207349,NEUTRAL,0.04102362204724409,1148000,1152000
117,,b683b448f2ae,The Count of Monte Cristo_chunk_599,0.01832460732984293,NEUTRAL,0.04099476439790576,2096500,2100500
