row_id,story_id,claim_id,chunk_id,similarity,evaluation,confidence,start_pos,end_pos
88,,e55f31c7d582,The Count of Monte Cristo_chunk_756,0.05319148936170213,CONTRADICTS,0.4031914893617021,2646000,2646614
88,,e55f31c7d582,The Count of Monte Cristo_chunk_279,0.02506265664160401,NEUTRAL,0.045037593984962404,976500,980500
88,,e55f31c7d582,The Count of Monte Cristo_chunk_699,0.02481389578163772,NEUTRAL,0.04488833746898263,2446500,2450500
88,,e55f31c7d582,The Count of Monte Cristo_chunk_753,0.024734982332155476,NEUTRAL,0.044840989399293284,2635500,2639500
88,,e55f31c7d582,The Count of Monte Cristo_chunk_126,0.02406417112299465,NEUTRAL,0.044438502673796794,441000,445000
