row_id,story_id,claim_id,chunk_id,similarity,evaluation,confidence,start_pos,end_pos
49,,26e9872178fb,The Count of Monte Cristo_chunk_756,0.043478260869565216,CONTRADICTS,0.39347826086956517,2646000,2646614
49,,26e9872178fb,In Search of the Castaways_chunk_182,0.0273972602739726,NEUTRAL,0.04643835616438356,637000,641000
49,,26e9872178fb,The Count of Monte Cristo_chunk_688,0.02702702702702703,NEUTRAL,0.046216216216216216,2408000,2412000
49,,26e9872178fb,The Count of Monte Cristo_chunk_203,0.02631578947368421,NEUTRAL,0.045789473684210526,710500,714500
49,,26e9872178fb,The Count of Monte Cristo_chunk_114,0.025906735751295335,NEUTRAL,0.0455440414507772,399000,403000
