row_id,story_id,claim_id,chunk_id,similarity,evaluation,confidence,start_pos,end_pos
130,,3f4bcec73c22,The Count of Monte Cristo_chunk_756,0.044444444444444446,CONTRADICTS,0.39444444444444443,2646000,2646614
130,,3f4bcec73c22,The Count of Monte Cristo_chunk_364,0.028328611898016998,NEUTRAL,0.0469971671388102,1274000,1278000
130,,3f4bcec73c22,The Count of Monte Cristo_chunk_493,0.02806122448979592,NEUTRAL,0.04683673469387755,1725500,1729500
130,,3f4bcec73c22,The Count of Monte Cristo_chunk_659,0.02702702702702703,NEUTRAL,0.046216216216216216,2306500,2310500
130,,3f4bcec73c22,The Count of Monte Cristo_chunk_600,0.02680965147453083,NEUTRAL,0.0460857908847185,2100000,2104000
