row_id,story_id,claim_id,chunk_id,similarity,evaluation,confidence,start_pos,end_pos
107,The Count of Monte Cristo,62e9f73c710a,The Count of Monte Cristo_chunk_756,0.056179775280898875,CONTRADICTS,0.4061797752808989,2646000,2646614
107,The Count of Monte Cristo,62e9f73c710a,The Count of Monte Cristo_chunk_613,0.02717391304347826,NEUTRAL,0.04630434782608695,2145500,2149500
107,The Count of Monte Cristo,62e9f73c710a,The Count of Monte Cristo_chunk_614,0.02512562814070352,NEUTRAL,0.04507537688442211,2149000,2153000
107,The Count of Monte Cristo,62e9f73c710a,The Count of Monte Cristo_chunk_677,0.02506265664160401,NEUTRAL,0.045037593984962404,2369500,2373500
107,The Count of Monte Cristo,62e9f73c710a,The Count of Monte Cristo_chunk_162,0.024657534246575342,NEUTRAL,0.0447945205479452,567000,571000
