row_id,story_id,claim_id,chunk_id,similarity,evaluation,confidence,start_pos,end_pos
53,In Search of the Castaways,8c5885e4f2ff,The Count of Monte Cristo_chunk_756,0.05154639175257732,CONTRADICTS,0.4015463917525773,2646000,2646614
53,In Search of the Castaways,8c5885e4f2ff,The Count of Monte Cristo_chunk_689,0.030201342281879196,CONTRADICTS,0.3802013422818792,2411500,2415500
53,In Search of the Castaways,8c5885e4f2ff,In Search of the Castaways_chunk_61,0.02894736842105263,NEUTRAL,0.047368421052631574,213500,217500
53,In Search of the Castaways,8c5885e4f2ff,The Count of Monte Cristo_chunk_426,0.028350515463917526,NEUTRAL,0.047010309278350516,1491000,1495000
53,In Search of the Castaways,8c5885e4f2ff,In Search of the Castaways_chunk_60,0.028205128205128206,NEUTRAL,0.04692307692307692,210000,214000
