row_id,story_id,claim_id,chunk_id,similarity,evaluation,confidence,start_pos,end_pos
24,,87c8514939ff,The Count of Monte Cristo_chunk_756,0.053763440860215055,CONTRADICTS,0.40376344086021504,2646000,2646614
24,,87c8514939ff,In Search of the Castaways_chunk_176,0.033419023136246784,CONTRADICTS,0.38341902313624676,616000,620000
24,,87c8514939ff,In Search of the Castaways_chunk_177,0.031007751937984496,CONTRADICTS,0.3810077519379845,619500,623500
24,,87c8514939ff,In Search of the Castaways_chunk_165,0.030927835051546393,CONTRADICTS,0.38092783505154637,577500,581500
24,,87c8514939ff,In Search of the Castaways_chunk_166,0.030226700251889168,CONTRADICTS,0.38022670025188915,581000,585000
