row_id,story_id,claim_id,chunk_id,similarity,evaluation,confidence,start_pos,end_pos
139,The Count of Monte Cristo,10393c740d13,The Count of Monte Cristo_chunk_756,0.0449438202247191,CONTRADICTS,0.3949438202247191,2646000,2646614
139,The Count of Monte Cristo,10393c740d13,The Count of Monte Cristo_chunk_72,0.02666666666666667,NEUTRAL,0.046000000000000006,252000,256000
139,The Count of Monte Cristo,10393c740d13,The Count of Monte Cristo_chunk_395,0.024193548387096774,NEUTRAL,0.04451612903225806,1382500,1386500
139,The Count of Monte Cristo,10393c740d13,In Search of the Castaways_chunk_66,0.024,NEUTRAL,0.0444,231000,235000
139,The Count of Monte Cristo,10393c740d13,The Count of Monte Cristo_chunk_751,0.02390438247011952,NEUTRAL,0.04434262948207171,2628500,2632500
