row_id,story_id,claim_id,chunk_id,similarity,evaluation,confidence,start_pos,end_pos
137,,02c94be5aeb1,The Count of Monte Cristo_chunk_756,0.05747126436781609,CONTRADICTS,0.40747126436781606,2646000,2646614
137,,02c94be5aeb1,The Count of Monte Cristo_chunk_162,0.03333333333333333,CONTRADICTS,0.3833333333333333,567000,571000
137,,02c94be5aeb1,The Count of Monte Cristo_chunk_600,0.032520325203252036,CONTRADICTS,0.382520325203252,2100000,2104000
137,,02c94be5aeb1,The Count of Monte Cristo_chunk_117,0.032,CONTRADICTS,0.382,409500,413500
137,,02c94be5aeb1,The Count of Monte Cristo_chunk_140,0.031496062992125984,CONTRADICTS,0.38149606299212596,490000,494000
