row_id,story_id,claim_id,chunk_id,similarity,evaluation,confidence,start_pos,end_pos
40,In Search of the Castaways,49226b5c0c6a,The Count of Monte Cristo_chunk_756,0.03260869565217391,CONTRADICTS,0.38260869565217387,2646000,2646614
40,In Search of the Castaways,49226b5c0c6a,The Count of Monte Cristo_chunk_580,0.0158311345646438,NEUTRAL,0.03949868073878628,2030000,2034000
40,In Search of the Castaways,49226b5c0c6a,The Count of Monte Cristo_chunk_700,0.015789473684210527,NEUTRAL,0.03947368421052632,2450000,2454000
40,In Search of the Castaways,49226b5c0c6a,The Count of Monte Cristo_chunk_72,0.015748031496062992,NEUTRAL,0.039448818897637794,252000,256000
40,In Search of the Castaways,49226b5c0c6a,The Count of Monte Cristo_chunk_569,0.015748031496062992,NEUTRAL,0.039448818897637794,1991500,1995500
