row_id,story_id,claim_id,chunk_id,similarity,evaluation,confidence,start_pos,end_pos
138,The Count of Monte Cristo,b825762c7277,The Count of Monte Cristo_chunk_756,0.033707865168539325,CONTRADICTS,0.3837078651685393,2646000,2646614
138,The Count of Monte Cristo,b825762c7277,The Count of Monte Cristo_chunk_171,0.02680965147453083,NEUTRAL,0.0460857908847185,598500,602500
138,The Count of Monte Cristo,b825762c7277,The Count of Monte Cristo_chunk_164,0.025280898876404494,NEUTRAL,0.045168539325842694,574000,578000
138,The Count of Monte Cristo,b825762c7277,In Search of the Castaways_chunk_29,0.02518891687657431,NEUTRAL,0.045113350125944585,101500,105500
138,The Count of Monte Cristo,b825762c7277,In Search of the Castaways_chunk_113,0.024930747922437674,NEUTRAL,0.0449584487534626,395500,399500
