row_id,story_id,claim_id,chunk_id,similarity,evaluation,confidence,start_pos,end_pos
28,,58c1204d94aa,The Count of Monte Cristo_chunk_756,0.039603960396039604,CONTRADICTS,0.38960396039603956,2646000,2646614
28,,58c1204d94aa,In Search of the Castaways_chunk_154,0.03007518796992481,CONTRADICTS,0.3800751879699248,539000,543000
28,,58c1204d94aa,In Search of the Castaways_chunk_125,0.02972972972972973,NEUTRAL,0.04783783783783784,437500,441500
28,,58c1204d94aa,In Search of the Castaways_chunk_226,0.028846153846153848,NEUTRAL,0.04730769230769231,791000,795000
28,,58c1204d94aa,The Count of Monte Cristo_chunk_497,0.028795811518324606,NEUTRAL,0.047277486910994766,1739500,1743500
