row_id,story_id,claim_id,chunk_id,similarity,evaluation,confidence,start_pos,end_pos
55,,a79714949132,The Count of Monte Cristo_chunk_756,0.043478260869565216,CONTRADICTS,0.39347826086956517,2646000,2646614
55,,a79714949132,In Search of the Castaways_chunk_127,0.02710027100271003,NEUTRAL,0.04626016260162601,444500,448500
55,,a79714949132,In Search of the Castaways_chunk_22,0.02617801047120419,NEUTRAL,0.045706806282722515,77000,81000
55,,a79714949132,The Count of Monte Cristo_chunk_394,0.024793388429752067,NEUTRAL,0.04487603305785124,1379000,1383000
55,,a79714949132,The Count of Monte Cristo_chunk_511,0.02425876010781671,NEUTRAL,0.044555256064690026,1788500,1792500
