row_id,story_id,claim_id,chunk_id,similarity,evaluation,confidence,start_pos,end_pos
8,In Search of the Castaways,336a1d648f7b,The Count of Monte Cristo_chunk_756,0.043478260869565216,CONTRADICTS,0.39347826086956517,2646000,2646614
8,In Search of the Castaways,336a1d648f7b,In Search of the Castaways_chunk_128,0.02535211267605634,NEUTRAL,0.045211267605633806,448000,452000
8,In Search of the Castaways,336a1d648f7b,The Count of Monte Cristo_chunk_246,0.025280898876404494,NEUTRAL,0.045168539325842694,861000,865000
8,In Search of the Castaways,336a1d648f7b,The Count of Monte Cristo_chunk_71,0.02518891687657431,NEUTRAL,0.045113350125944585,248500,252500
8,In Search of the Castaways,336a1d648f7b,The Count of Monte Cristo_chunk_621,0.02518891687657431,NEUTRAL,0.045113350125944585,2173500,2177500
