row_id,story_id,claim_id,chunk_id,similarity,evaluation,confidence,start_pos,end_pos
121,,4b87115157a0,The Count of Monte Cristo_chunk_7,0.034912718204488775,CONTRADICTS,0.38491271820448875,24500,28500
121,,4b87115157a0,The Count of Monte Cristo_chunk_612,0.03350515463917526,CONTRADICTS,0.3835051546391752,2142000,2146000
121,,4b87115157a0,The Count of Monte Cristo_chunk_122,0.03316326530612245,CONTRADICTS,0.38316326530612244,427000,431000
121,,4b87115157a0,The Count of Monte Cristo_chunk_252,0.03260869565217391,CONTRADICTS,0.38260869565217387,882000,886000
121,,4b87115157a0,The Count of Monte Cristo_chunk_117,0.03125,CONTRADICTS,0.38125,409500,413500
