row_id,story_id,claim_id,chunk_id,similarity,evaluation,confidence,start_pos,end_pos
20,In Search of the Castaways,84b98e853946,The Count of Monte Cristo_chunk_756,0.052083333333333336,CONTRADICTS,0.4020833333333333,2646000,2646614
20,In Search of the Castaways,84b98e853946,The Count of Monte Cristo_chunk_171,0.03430079155672823,CONTRADICTS,0.3843007915567282,598500,602500
20,In Search of the Castaways,84b98e853946,In Search of the Castaways_chunk_164,0.033854166666666664,CONTRADICTS,0.38385416666666666,574000,578000
20,In Search of the Castaways,84b98e853946,The Count of Monte Cristo_chunk_410,0.03361344537815126,CONTRADICTS,0.38361344537815123,1435000,1439000
20,In Search of the Castaways,84b98e853946,The Count of Monte Cristo_chunk_109,0.03349282296650718,CONTRADICTS,0.38349282296650716,381500,385500
