row_id,story_id,claim_id,chunk_id,similarity,evaluation,confidence,start_pos,end_pos
10,,bf832b378726,The Count of Monte Cristo_chunk_756,0.04,CONTRADICTS,0.38999999999999996,2646000,2646614
10,,bf832b378726,In Search of the Castaways_chunk_54,0.0374331550802139,CONTRADICTS,0.38743315508021386,189000,193000
10,,bf832b378726,The Count of Monte Cristo_chunk_164,0.03571428571428571,CONTRADICTS,0.3857142857142857,574000,578000
10,,bf832b378726,In Search of the Castaways_chunk_163,0.03535353535353535,CONTRADICTS,0.38535353535353534,570500,574500
10,,bf832b378726,In Search of the Castaways_chunk_160,0.035,CONTRADICTS,0.385,560000,564000
