row_id,story_id,claim_id,chunk_id,similarity,evaluation,confidence,start_pos,end_pos
58,,b415e507b783,The Count of Monte Cristo_chunk_756,0.03409090909090909,CONTRADICTS,0.38409090909090904,2646000,2646614
58,,b415e507b783,The Count of Monte Cristo_chunk_66,0.018421052631578946,NEUTRAL,0.04105263157894737,231000,235000
58,,b415e507b783,In Search of the Castaways_chunk_4,0.016260162601626018,NEUTRAL,0.03975609756097561,14000,18000
58,,b415e507b783,The Count of Monte Cristo_chunk_125,0.016042780748663103,NEUTRAL,0.039625668449197855,437500,441500
58,,b415e507b783,The Count of Monte Cristo_chunk_751,0.01593625498007968,NEUTRAL,0.03956175298804781,2628500,2632500
