row_id,story_id,claim_id,chunk_id,similarity,evaluation,confidence,start_pos,end_pos
131,The Count of Monte Cristo,d50c90abd46b,The Count of Monte Cristo_chunk_756,0.06741573033707865,CONTRADICTS,0.4174157303370786,2646000,2646614
131,The Count of Monte Cristo,d50c90abd46b,The Count of Monte Cristo_chunk_689,0.030927835051546393,CONTRADICTS,0.38092783505154637,2411500,2415500
131,The Count of Monte Cristo,d50c90abd46b,The Count of Monte Cristo_chunk_350,0.029023746701846966,NEUTRAL,0.047414248021108184,1225000,1229000
131,The Count of Monte Cristo,d50c90abd46b,The Count of Monte Cristo_chunk_106,0.028871391076115485,NEUTRAL,0.04732283464566929,371000,375000
131,The Count of Monte Cristo,d50c90abd46b,The Count of Monte Cristo_chunk_285,0.028795811518324606,NEUTRAL,0.047277486910994766,997500,1001500
