row_id,story_id,claim_id,chunk_id,similarity,evaluation,confidence,start_pos,end_pos
9,,3527fd501cdb,The Count of Monte Cristo_chunk_756,0.0425531914893617,CONTRADICTS,0.3925531914893617,2646000,2646614
9,,3527fd501cdb,The Count of Monte Cristo_chunk_351,0.028795811518324606,NEUTRAL,0.047277486910994766,1228500,1232500
9,,3527fd501cdb,The Count of Monte Cristo_chunk_674,0.028720626631853787,NEUTRAL,0.04723237597911228,2359000,2363000
9,,3527fd501cdb,The Count of Monte Cristo_chunk_473,0.02857142857142857,NEUTRAL,0.04714285714285714,1655500,1659500
9,,3527fd501cdb,In Search of the Castaways_chunk_154,0.027989821882951654,NEUTRAL,0.046793893129770996,539000,543000
