row_id,story_id,claim_id,chunk_id,similarity,evaluation,confidence,start_pos,end_pos
96,,2b08f347fe2b,The Count of Monte Cristo_chunk_408,0.04395604395604396,CONTRADICTS,0.39395604395604394,1428000,1432000
96,,2b08f347fe2b,The Count of Monte Cristo_chunk_655,0.043596730245231606,CONTRADICTS,0.39359673024523156,2292500,2296500
96,,2b08f347fe2b,The Count of Monte Cristo_chunk_407,0.04358974358974359,CONTRADICTS,0.3935897435897436,1424500,1428500
96,,2b08f347fe2b,The Count of Monte Cristo_chunk_509,0.042328042328042326,CONTRADICTS,0.3923280423280423,1781500,1785500
96,,2b08f347fe2b,The Count of Monte Cristo_chunk_409,0.041237113402061855,CONTRADICTS,0.39123711340206185,1431500,1435500
