row_id,story_id,claim_id,chunk_id,similarity,evaluation,confidence,start_pos,end_pos
92,The Count of Monte Cristo,deb494af05d1,The Count of Monte Cristo_chunk_420,0.02710027100271003,NEUTRAL,0.04626016260162601,1470000,1474000
92,The Count of Monte Cristo,deb494af05d1,The Count of Monte Cristo_chunk_496,0.025974025974025976,NEUTRAL,0.04558441558441558,1736000,1740000
92,The Count of Monte Cristo,deb494af05d1,The Count of Monte Cristo_chunk_409,0.025380710659898477,NEUTRAL,0.04522842639593909,1431500,1435500
92,The Count of Monte Cristo,deb494af05d1,The Count of Monte Cristo_chunk_510,0.02512562814070352,NEUTRAL,0.04507537688442211,1785000,1789000
92,The Count of Monte Cristo,deb494af05d1,The Count of Monte Cristo_chunk_478,0.024390243902439025,NEUTRAL,0.04463414634146342,1673000,1677000
