row_id,story_id,claim_id,chunk_id,similarity,evaluation,confidence,start_pos,end_pos
57,In Search of the Castaways,59c83378a410,The Count of Monte Cristo_chunk_756,0.0425531914893617,CONTRADICTS,0.3925531914893617,2646000,2646614
57,In Search of the Castaways,59c83378a410,In Search of the Castaways_chunk_234,0.02506265664160401,NEUTRAL,0.045037593984962404,819000,823000
57,In Search of the Castaways,59c83378a410,The Count of Monte Cristo_chunk_11,0.024861878453038673,NEUTRAL,0.04491712707182321,38500,42500
57,In Search of the Castaways,59c83378a410,The Count of Monte Cristo_chunk_584,0.024128686327077747,NEUTRAL,0.04447721179624665,2044000,2048000
57,In Search of the Castaways,59c83378a410,The Count of Monte Cristo_chunk_172,0.023872679045092837,NEUTRAL,0.044323607427055704,602000,606000
